source,target
"sound aise kar raha hai jaise ki ye koi suspense/thriller aur scifi sath me ho, jo ki bahut cool hai. ye bahut confusing hai par enticing bhi hai. yah mujhe uksata hai is dekhne aur figure out karne ke liye.",Sounds like it might be suspense/thriller as well as scifi which is cool. It seems pretty confusing but enticing. Makes me want to see it to try and figure it all out.
kya uska mom eventually ache thie?,Did the mom eventually get better?
muzedar smart aur thought provoking,FUNNY SMART AND THOUGHT PROVOKING
"Ok, bache ke bedroom mein toys animated ho jate hai.interesting laga.","Ok, toys in a kids bedroom that are animated. Sounds interesting."
voh powder scene tho badi scary hein.. muje yakin hi nahi hota ki voh antidote hein,The powder scene was very scary.  I cannot believe they had an antidote.
acha tho is movie kis baare me hein?,Alright that is fine. What is the movie?
isamen koee prasiddh hai?,Anyone  famous in it?
Nixon ne demand ki thi post barred krne ke liye white house se.,Nixon actually demanded that the Post be barred from the White House.
Kya aap Infinity wars ke baare mein excited hain?,Are you excited about infinity wars?
kya aap ko kuch aise nahi laga ki movies mein drug ka usage kuch jaasti tha?,Did you think that the use of drugs in the movie was a bit too much? (the creation of drugs I should say)/
"yeh tho biographical movie ke tarah hein, mark zukerberk ke baare mein hein kya jo facebook create kiya",It appears to be like a biographical movie about Mark Zuckerberg and when he creates Facebook.
"mene bhi ise ya iska preview nahi watch kiya. But ye Scifi he so ye good hona chahiye.oh, Leonardo DiCaprio main character he",I haven't watched it either or seen a preview.  Bu5 it's scifi so it might be good. Ugh Leonardo DiCaprio  is the main character 
"sahi lag raha hai, since Hally mute ki acting kar rahi hai. ye imply karega ki creature bhi kafi smart hai.","That makes perfect sense, since Hally is acting as a mute. That would imply that this creature is quite smart too."
cast ke bare me aap kya sochte ho?,What did you think of the cast?
Sgt. Gordon ke character ke bare mein kya khayaal hai?,What do you think of the character of Sgt. Gordon?
Mujhe bhi aisa hi lagta hai.  Kya hum kar chuke hain? Kya hume kaafi turns submit kar diya?,I think so.  Do you think we are done?  Have we submitted enough turns?
ek samudree jeevavigyaanee aur pulis kisee aur ko chot pahunchaane se pahale usaka shikaar karane kee koshish karatee hai.,A marine biologist and the police try to hunt it before it hurts anyone else.
"mujhe inflated dikh raha, but still dekhna padega","Seemed inflated to me, but I still need to see it"
"team mein, logon ko ""kicks"" set up karna hai ek doosre ko sleep se wake up karne ke liye (kaise mind ke andhar jate hain, main guess karon)","In a team, people have to set up ""kicks"" to wake each other up from sleeping (how they go into a mind, I guess). "
muje lagtha hein ki voh usse kuch bothered huva aur voh apni family ko kahi privileges par le chali,I think it also really bothered her that their family took so many privileges for granted.  
kya tun agree ho?,would you agree?
"Hello,movie ko wolf of wall Street bulaya jata he","Hello, the movie is called the wolf of wall street"
2016,2016
ye ekdum accha nahin hai!,This definitely is not good :(
"ending thodi weird lagi, wo kahte hai ye khatm hua uske apni ex ko friend request bhejte hue jisne ise dump kiya tha.","ending sounds weird, they said it ends with him sending a friend request to his ex who dumped him.  ironic."
kafi sochne par bhi mai mujhe koi movie ya book yaad nahi aai jisme isse related story ho jo is itna interesting banati hai. bahut originao concept hai.,I can't think of any other movie or even book that has a related story either which makes it very interesting. A very original concept.
"is movie tho social networking ke baare mein portrays kiya hein yaani facebook website ke tarah. voh tho Justin Timberlake hi hey, muje nahi lagtha ki voh aise act kar saktha hein.","the movie portrays the founding of social networking website Facebook and the resulting lawsuits. It even has Justin Timberlake in it, I don't think I've ever seen him act. "
yes i agree,Yes.  I agree.
itna bhi sure nahi hei yar..,Lol not quite sure..
shayd. isse uska character build hoga or wo inta flat nhi lagegi.,Maybe. It would help build her character up and she wouldn't seem as flat 
"koi nahi, maine soncha ese dekhne me maza aaega, khasker young nieces ko.","ANYWAY, I THINK THAT IT WOULD BE FUN TO SEE, ESPECIALLY YOUNG NIECES"
mujhe uska character pasand hai. or maine apne dog ka name woi rakha hai lol.,I like his character. Thats what i named my dog lol
"aap check kar lo. 1974 ke novel se tha peter benchley likhe huve the., muje rate ke baare mein patha nahi, probably R diye hongae","I hope that you check it out.  It is based on a 1974 novel by Peter Benchley.  I'm not sure what it is rated, but probably R."
Hi. Kaisa chal raha hai?,Hi. How is it going?
hi. kya tum ne Toy Story dekha hai?,Hi.  Have you see Toy Story?
hi! hum John Wick movie par discussion kar rahe honge!,Hi! We'll be discussing the movie John Wick!
usne as Don Cobb  play kiya he,He plays as Don Cobb
"Haan, ratings decent hain.",YES THE RATINGS ARE DECENT
Voh toh Frozen ke tarah hein.,That sounds a little like Frozen
namaste! aaj main jis philm ke baare mein aapase baat karana chaahata hoon vah hai steven spielberg kee jaws,Hi! The movie I want to talk to you about today is Steven Spielberg's JAWS. It has a 97% review on Rotten Tomatoes and has a 8/10 IMDB rating!
IMDB rating usually itni high nahi hoti.,IMDB ratings usually aren't that high
Hi. Hum jiske baare me baat karege wo Bruce Almighty hai. Ye ek comedy movie jisme star Jim Carrey aur Morgan Freeman hai.,Hi.  Bruce Almighty is the movie we will be talking about.  It is a comedy starring Jim Carrey and Morgan Freeman.
"Mujhe nahi lagta, lagta hai thodi der ho gayi but ye cut nahi ho raha hai",I am not sure.. it seems like it has been awhile but it isnt cutting off
end me use ye determine karne me trouble ho raha tha ki ye reality hai ya dream hai. ye yah nahi kahta ki kuch par based hai.,Something about at the end  he has trouble determining which is reality and which is a dream. It doesn't say it's based off anything. 
hello,Hello
Main ab conversation ko khatam karne ja raha hu. Good afternoon.,I'm going to push finish conversation now.  Have a good afternoon.
aur idk bhi,yeah idk then 
kya ye achi hai?,Was it good?
"Not really, mai unhe kuch ocassions me hi dekhta hu.","Not really, I'll watch them on occasion."
"Hello, ye movie interesting lagti hai. kya tum kuch aur review de sakte ho?","Hello, that movie sounds interesting. Could you give a little review?"
Yes mujhe unke character ke liye khed hai par unha character bahut kuch Freinds days ki tarah tha.,Yes I feel sorry for her character but her character sounds too much like her Friends days.
Mujhe lagta he ke sabhi actor achcha acting kiya hai lekin tin main actors bahot hi achcha kiya hai,Well I think the actors all did a fabulous job and the three main actors are all very good actors.
Mujhe ye bhi nahi pata sorry,I dont know that either sorrt
is wale ka topic kya hai?,What is the topic of this one?
uska own family mein kya wrong hein?,What was wrong with her own family?
isme bahut kuch action tha,"Yes it does.  This could almost qualify as a ""chick flick"" but it had a bit too much action."
Movie kis bare main hai?,What is the movie about ?
"Aur  movie me, Court ke rules The Newspaper 6-3, ye Shocker hona chahiye the.","and in the movie, the court rules the newspaper 6-3, that must of been a shocker"
"Tumne inception dekhi hai? If not, you should. Complicated hai par kaafi acchi ha.","Have you ever seen Inception? If not, you should. It's complicated but very good."
"MUJE PASAND HEIN, KYA VOH ACHE GUY YA BURA?",I like him. Is he a good guy or bad?
Same here. mujhe aisa laga jaise uske bina bhi they could've done it. Tumhe lagta usse khud ki movie milegi?,Same here. I feel as they could've done without her. Do you think she should have her own movie?
acha wait kar mein iske baare mein kuch suna hein,Oh wait I think I've heard about this
maine dekha hai. woh bahut interesting hain.,I watched it.  It was very interesting.
"Main isi ko dekh raha tha. Mujhe bi ye weird laga, lol. Isme kafi badey actors hau to shayad wo inke fans hon lol",I was just looking at that. I thought that was weird too lol. It's got some pretty big actors in it though so maybe they're fans lol.
"Rotten Tamatar score he, 86%",The Rotten Tomatoes score is  86%
seriously! first week mein hi box office ko knocked off kara aur Matrix reloaded,Seriously!  Did you know it knocked off The Matrix Reloaded from the box office during its first week?
Spoiler aane ki chetavni!!!!,spoiler alert!!!!
KYA YEH SUSPENSEFUL HEIN? MEIN JARUR DEKHNE KE LIYE CONSIDER KARUNGA,Is it suspenseful?  I may consider watching it
wo tha aur uske saath communicate karna bhi kaafi difficult tha.,He was that and also very difficult to communicate with.
Main Batman begins read kar raha hoon. Bahut achi movie hai.,I'm reading about Batman Begins. It is a very good movie.
Rotten Tomatoes ne toh 96% deya tha aur yeh movie tho 2010 ka hein,"Rotten Tomatoes has rated it 96% so that's decent, and it is a movie from 2010"
Jabki mujhe lagta hai ki Emma Stone ne bahut badiya kam kiya hai,I thought Emma Stone did a fantastic job though
"Mujhe lagta hai wo ek acha love interest hai, lekin uski acting just okay hai","I think she was an appropriate love interest, but her acting was just okay."
"Elsa queen bani hoti hein, lekin voh apni powers ke baare mein logon ko patha nahi chalna chahiye ke dar bahut tha. jab castle party mein uska choti bahen Anna ko us visiting dignitary ke saath love hotha hein, jo use propose kartha hein, elsa neh toh no bole aur apni power ko saare logon ke saamne dekha dethi hein","Elsa eventually becomes queen, but she's terrified that people will find out about her powers and be afraid of her. They have a castle party, and the younger sister--Anna--falls in love with a visiting dignitary, who proposes to her. Elsa says, ""No"" and loses control of her powers in front of everyone."
"Alfred ko main love karta hun, wo to backbone tha","Love Alfred, he is the backbone"
YEH BLACK COMEDY HEI ACTION NAHI,It is a black comedy not action
Morgan Freeman apne saare roles mein badhiya hai.,Morgan Freeman is a good in all his roles
"haan, aap?","Yes, are you?"
aur us morgan freeman tho god bankar bruce ka day save kiya aur usse uska kaam nikal vaaya,"And of course, God  (Morgan Freeman) steps in to save the day and tells Bruce what he should do."
mujhe kuchh 6 ya 8 khilaune yaad hain,I seem to recall some 6 or 8 toys
"acha, mera favorite character toh judy hoops hein. mera favorite scene is movie mein toh jab voh uska duty cop apni parking se shuru ki","Oh okay, my favorite character was Judy Hopps. My favorite scene of the movie was when she got initially put as a parking duty cop."
AAP MUJSE YEH BAAT BOLNA CHAHIYE THA ...LOL,MAYBE YOU SHOULD BE TELLING ME ABOUT IT...LOL
mere pas bahut aaccha action thriller reccomendation hi.,I have a really great action thriller reccomendation for you 
itna long hein is film,How long is the film?
"Elsa aakhir queen ban hi jati hai, par wo darti hai ke agar logon ko uski powers ke baare mein pata lag gaya to wo usse darenge. Wo castle mein ek party dete hain, aur chhoti sister Anna ek guest ke saath pyar karne lagti hai, joki usko propose karta hai. Elsa use mana karti hai aur sab ke saamne uske powers lose ho jati hain.","Elsa eventually becomes queen, but she's terrified that people will find out about her powers and be afraid of her. They have a castle party, and the younger sister--Anna--falls in love with a visiting dignitary, who proposes to her. Elsa says, ""No"" and loses control of her powers in front of everyone."
muje yakin hi nahi hota ki uska mansion flames mein burnt huva,I cannot believe his mansion burnt down in flames
Leonardo DiCaprio aur Joseph Gordon Levitt hain usme,Leonardo DiCaprio and Joseph Gordon Levitt are in it
kyon voh itna kadva baath kiya?,Why was he hard to speak with?
is film ka fun thing hein ki voh sab toys ka personal interactions hein,The fun thing I found in the film was all the personal interactions between the toys
Morgan Freeman sob roles bahot hi achcha karta hai,Morgan Freeman is a good in all his roles
scientific kaho.,Says scientific
Songs kaise the?,How were the songs?
Maine 18 turn to apne side count ki hai aur tumhare side bhi itni to hongi.,I counted 18 turns on my side and you have at least that many.
hello.. tho rotten tomatoes ka score tho ache hein is movie ko,"Hello. So, this movie has a pretty good Rotten Tomatoes score!"
Uska ek Buzz naam ka bhai hai jisse Kevin ki banti nahi hai kyunki Buzz ke saath ek altercation ke baad usko third floor par bhej diya gaya tha the night before they left for paris,he has a brother named Buzz who Kevin is not a fan of since he was sent to the third floor after an altercation with Buzz the night before they left for paris 
"khair, mujhe lagata hai ki philm donon tarah ke logon ke lie kaam karatee hai. kuchh ko isake ekshan se pyaar hai aur kyonki yah ek daraavana thrilar hai, jabaki any ise adhik vinodee aur majaakiya samajhate hain.","Well, I suppose the film works for both types of people. Some love it because of its action and because it's a scary thriller, while others find it to be more humorous and funny. "
kya yeh true story hein?,What is the true story?
bye aur movie par maje karo,Bye and have fun at the movie!
Hi. Ham jis movie ke baare mein baat karenge wo hai  Bruce Almighty. Ye ek comedy hai starring Jim Carrey aur Morgan Freeman,Hi.  Bruce Almighty is the movie we will be talking about.  It is a comedy starring Jim Carrey and Morgan Freeman.
probably R hoga fir,Probably R then.
"haan, very much.main imagine bhi nahin kar sakti ki agar koi mujhe itna abuse kar sakta hai","Yes, very much so. I can't even imagine having all of that abuse done to me."
hello,hello
yes,yes 
Yes,yes
"maine Hooseirs kabhi nahi dekhi, kya tum ye kahoge ki Blind Side best sports movie mein se ek hai?","I've never seen Hoosiers, would you say Blind Side is one of the best sports movies ever?"
MAIN JANTHA HOON,i know :) 
BELFORT FALL SE LED HEIN,it led to Belfort fall
Mujhe aur kya janna chahiye movie ke baare mein.,What else should I know about the movie
Kya tum infinity wars ke liye excited ho?,Are you excited about infinity wars?
Oh mujhe pehle se hi doubt tha but film ne sach mein hold krke rakha.,"O had my doubts about it at first, but the film really holds up"
"alfred tho is movie ka hero hein, aur bruce ko constantly save kar raha tha","Alfred is such a hero in the movie, constantly saving Bruce"
"mai ab is conversation ko finish karna chahta hu,aapki afternoon badhiya ho",I'm going to push finish conversation now.  Have a good afternoon.
Maine director Damien Chazelle ke bare me kabhi suna nahi hai,I've never heard of the director Damien Chazelle
"mein soch raha hoon , ki original jaws toh badiya movie hein",I was thinking of how I remember what a good movie the original Jaws was.
WLLce Shawn toy T-rex hai`,WLLce Shawn is a toy T-rex
thor se ab aur zyada mohabbat hai uski third movie ke baad. mera favorite  hai captain america.wo sub se interesting character hai mere liye,Love thor even more now after his third movie. My favorite is captain america. Hes the most interesting character to me 
kya tumhe aur kuch pata hai Shape of Water ke baare mein? kuch fun facts ya something?,Do you something else about the Shape of Water? Some fun facts or something?
Jazz Pianist mujh excite nahi karte hai.,Jazz Pianist doesn't get me excited
"ek critic ne kaha  ki yeh ""Weirder"" ho.","A critic did say it could be ""weirder"""
mein tho sports family ka hoon aur mein tho is movie ka fan hoon. yeh tho true story mein based kiya hein.,I was raised in a sports family and I am a movie fan. This is based on a true story.
Bahut acche! tum at least kah to sakogi ki tumne us samay ka ek revolutionary classic dekha.,Great!  You at least will be able to say that you saw a revolutionary classic of that time.
wo foster homes se kyun bhaa jata hai? abuse ki wajeh se?,Why did he run away from the foster homes? abuse?
vah bachchon ke pasandeeda hain,He is the kids f arvorite
Drama kaisa tha?,What about Dramas?
cast ke baare me tum kya sochte ho,What did you think of the cast?
"Neither mere paas hai, lekin is tarah ke score ki kuchh other movies check karanee hogee","Neither have I, but with scores like that I'll have to check out some other films"
I agree,I agree
"Rotten Tomatoes main uska rotten score hi tha, so I think i am swayed by that.","Rotten Tomatoes has a rotten score for it, so I think i am swayed by that."
namaste?,hello?
JORDAN BELFFORT,Jordan belffort
mei bhi agree hui.,I would too agree.
Tujhe superhero movies pasand hain?,Do you like superhero movies>
thor lol. mujhe hmesha se ye character pasand tha so mai bahut wxcited tha usse movie me dekhne ke liye.,Thor lol. I've always liked the character in the comics so i was really excited to see it played out in a movie.
"mai kuch ko dekhta hu, par mai unke bare me bahut hi picky hun.","I watch some, but I'm very picky about them"
bilkul ! Agar woh first wali ke jaisi hai to great hogi. Plus mujhe nahin lagta Joss Whendon kuch wrong kar sakta hai lol.,"Absolutely! If it's anything like the first one, it'll be great. Plus I don't think Joss Whedon can do any wrong lol."
"haan yar. mein bhi is movie ke baare mein suna hoon, kahi saal ke pehle aaya tha na.","Ohh yes I remember hearing about that movie, but it was a long time ago it feels like."
haa ye sahi hai jaha se mene dekha,yes that is correct from what I can see
Kya Buzz ko bura laga ki  Kevin was left behind?,Does Buzz feel bad that Kevin was left behind?
"Main sochta hun May bhi accha hai, Maine nahi kaha ki maine tom hardy ko nahi suna. Kya yanha aur koi supporting actors hai?",I think I may as well. I can't say I've heard of Tom Hardy however. Is there any other supporting actors?
bas ek pal. mujhe dastaavez padhana hai.,Just a moment. I have to read the document.
okay sounds good,okay sounds good 
"jab sab kuch is par hi aa jata hai, yah meri favorite movie me se hai, mai big movies ka fan nahi hu but ye wali me kai baar dekh sakta hu.","When it all comes down to it, this is one of my favorite movies.  I'm not a big movie fan but this is one I can rewatch many times."
Main movie ke bare mein bahut janta hun,I'm a movie buff in general
"Hello, ham kis movie ke bare mei baat kar rahe hai?","Hello, what movie are we talking about?"
Jo log dosaron ke mind main jaate hain unhe extractors kehte hain,The people who go into other people's minds are called extractors.
mein bhi aise hi kartha is bruce ka situation ko lol,I probably would have done the same if I had been in Bruce's situation. LOL'
"Han, mai shahemat hu.",Yes.  I agree.
kya tumhe movie Despicable Me pasand hai?,Did you like the movie Despicable Me?
"sukhad, nice charcha, bye.","Cool, nice chatting, bye."
Yeah,yeah
Mujhe to yahi lagta hai. Kya tumhe lagta hai ho gaya? Kya humne enough turns submit kar di hain?,I think so.  Do you think we are done?  Have we submitted enough turns?
shayad. usko character build  karne madad milegi aur wo flat nahi lagegi,Maybe. It would help build her character up and she wouldn't seem as flat 
bilkul true! as well isne cinemascope ka B bhi receive kiya!,Very true! It also received a Cinemascore of B as well!
woh uska producer bhi hai,He is also the producer.
Haan mein bhi . Wo bahut accha actor hai.,"Yes, me too.  He is a very likable actor!"
lagta hai Musics & Lyrics,Sounds like Music & Lyrics
"accha theek he, yeah me big scifi fan nahi hu but kuch movies he is genre me jinhe me still, enjoy karta hu.","Oh okay, yeah I'm not  a big scifi fan but there are a few movies I still enjoy in that genre."
mujhe bhi wo acha lagta hai par mujhe uske liye bura laga. Lagta hai wo Batman mein as a key player kafi bar dismiss hota hai,I like him also but I felt bad for him. He seems to be dismissed often as a key player in Batman
"kahir, jo documents ko main dekh raha hu mujhe blanked out ho gaya hai","WELL, THE DOCUMENT THAT I AM LOOKING AT JUST BLANKED OUT ON ME"
Oh lekin CinemaScore  A hai uska.,Oh but the CinemaScore is an A.
now ye uska tarika tha jisme wo market me add karta hai phone par sun kar,Now it is the way he markets ads by listening through the phones
jab usne powder uska face mein daala tho usse sab dekhi diya.. voh pretty wicked hein,The scene when they blow the powder in his face and he starts seeing things... that was pretty wicked. 
koi bhi movie jo steven spielberg ne direct ki hai viewers ka attentions leti hai.,Any movie directed by Steven Spielberg is bound to have the viewer's attention 
muje is movie pasand hein kyon ki mein aur mera bachon bahut enjoy kiye hein,I like the movie because it was something that both me and my children enjoyed.
"acha, voh well mein gir jaatha aur bahut bats ne usse swarming kartha.. voh initially afraid tha","Oh yeah, he fell in the well and a ton of bats were swarming him. He was initially afraid of t hem."
"no, mujhe nahi known tha parantu about it suna tha","No, I have not but have heard of it. What is it about"
mujhe lagta hai jo ending thi usne sab sahi kar dia kyuki usko realize hua ki Nick ki past me jo bulling hui wo uspar kaafi effect ki hai,"I think the ending made up for her recording, because she realized that Nick's past being bullied had a huge effect on him."
Toys animated ho jate hai jab koi paas nahi hota hai.,The tpys are animated when no one is around
haa sahi mei critics enjoy karenge,Yes and really the critics seemed to enjoy it 
mujhe is movie ko dekhne ke liye definitely kuch time nikalna chahiye,"I should take some time to see this movie, definitely."
Critics kya bol rahe hain iske baare mein?,What do critics say about it ?
Phir bhi usne colleagues ko lenieny diya evidence exchange karne badale.,"However, he is given leniency for exchange for evidence against his colleagues"
"nahi, company ka basis hi people ko scam karna","Nope, the basis of the company is to scam people"
Tom Hanks ek great actor hai.,Tom Hanks is a great actor.
"haan lagtha ki elite ne intended kiya hein, lekin kaafi money kharch kiya hein","Seems like it was intended for the elite, but he saw the amount of money to be made by globalizing it"
tumhe musicals pasand hai?,Do you like musicals?
Totally agree!! Morgan Freeman to bomb hai.,Totally totally agree!!  Morgan Freeman is the bomb.
Mujhe aisa hi lagta hai.  Yeh bad guys bad dikhne ke liye kitna work hard karte hain. Us effort ko kuch achche kaam ke liye laga sakte hain jis se aur zyada success mile.,I think so.  The bad guys work so harder at being bad.  The effort could be used for something good with a lot more success.
mein Batman begins pad raha hoon.. ache movie hein,I'm reading about Batman Begins. It is a very good movie.
yes aur yah sath me thodi mystery bhi hai. yah figure out karne me ki kya real hai aur kya nahi.,Yeah its like its got a bit of mystery too.  Trying to figure out what's real and what's not. 
Dream world me Logon ke dreams  me Dom Cobb ke bare me kuch infiltration he.,Something about Dom Cobb infiltrates peoples dreams in a dream world. 
Green army man,Green army man
"sahi mein, Pan's Labyrinth ek aisa movie hai jiske liye unhe remember kiya jayega.","Surely, Pan's Labyrinth is one of the movies for what he will be remembered. "
"Sure. Elisa (main character ) creature ko bathtub mein rakhti hai, salts ke saath. Wo out of water zyada der nahi reh sakta.","Sure. Elisa (main character ) keeps the creature in her bathtub, with salts. He cannot survive that long out of water."
"I think ye bahut sad hai ki bruce ne Chill ko marne ke bare me socha, Yeh to use bhi dark bana dega na.","I think it is very sad that Bruce thought about killing Chill.  That would have made him ""dark"" also."
kya unhone Gotham ko aas paas ki cities se cut off karne ki koshish nahi ki draw bridge ko raise kar ke?,Didn't they try to cut off Gotham from the surrounding cities by raising the draw bridge?
Nahi bilkul nahi mujhe nahi lagta government ko undermine karna sahi he.,no absolutely not I don't think its right to undermine the government
main character isme creature se baat karne e liye sign language use karte hain.,The main character uses sign language to talk to the creature.
aur koi badi actors hein kya is mein?,Any other big name actors in it?
aap kaunse member ko dislike karte ho?,Which member do you dislike?
mein bhi enjoy kar raha tha.. kya aap ko patha hein ki alfred ka role kon play kar raha tah?,I enjoyed it also. Do you know who played Alfred in that one?
Black widow. Usko character jyada pop ni kiya for some reason.,Black widow. Her character just didn't pop for some reason
kul  24 line,so 24 lines total?
seriously! kya voh vaakahi mein matrix reloaded ko knocked off kiya. us box office me se voh bhi first week mein?,Seriously!  Did you know it knocked off The Matrix Reloaded from the box office during its first week?
muje pasand nahi hein yar kaise voh embarrasses huva apne coworker ke saath.. aur evan ka character tho bakvas hein.,I don't like how he embarrases his other co worker but at the same time the character Evan was such an ass.
nahi he doesnt care,no he doesnt care 
Iske bare me mujhe bolne do. Ye key scenes la rehi hai,Let me tell you about it. It's bringing up key scenes.
"THODA BAD GUY HEIN, KYON KI VOH FRAUD KAR RAHA THA",He seems like the bad guy since he engaged in fraud
namaste,Hi there!
mai shaya isey dekhunga. mujhe thrillers pasand hain.,I might have to check it out. I love thrillers.
Woh pack ka leader hai. Main nahin samjhta avengers itne popular hote agar woh leader nahin hota team ka.,He is the leader of the pack. I really dont think the averages would be as popular as it is if he wasn't the leader of the team 
"mujhe yakeen nahin hai ki kya main ise ek aur koshish dena chaahoonga ya nahin, lekin phir mujhe eetee pasand aaya.","I'm not sure as to whether I'd like to give it another try or not,  but then again I liked ET. "
aisa lugta hai,SEEMS SO
"ha mai ant me rone lagi,kya tum isse affect huye","Yes, I was almost in tears by the end. Did it affect you like that too?"
Hanks toy cowboy  play kr rha hai.,Hanks plays the toy cowboy
Maine kabhi director Damien Chzelle ke baare mein nhi sunna,I've never heard of the director Damien Chazelle
nahi,no 
Daniel Ellsberg  ne US troops ke sath kon se year kiya tha,In what year did Daniel Ellsberg accompany the US troops in the movie?
maine La La land ke bare mein acha suna tha lekin IRL dekha nahin haiab tak,"I heard good things about La La Land, but haven't see it IRL yet"
Is tarah ka stuff ek person ko uske life purpose question karne ko mazbur kar deta hai,Stuff like that really makes a person question their purpose in life. 
oh Earnes cobb ki ek sharp tongue associate hai.,Oh Earnes is a sharp tongue associate of Cobb. 
"haan yar, voh movie toh badiya rated paaya tha aur jab voh release ke samay toh bahut revolutionary ban gaya tha","Yes, the movie is rated very highly and was kind of revolutionary at the time it was released."
arey jim carrey ne tho kahi bar bombed kiya.. lekin usse movie mein nahi nazar aaya/.,And Jim Carrey has bombed in so many.  But he outdid himself in this movie.
"Yes, I agree  uska character bohot kuch friends style wala role tha","Yes, I agree that her character was very much a Friends style role. '"
acha? tho mein is part ko nahi dekha.. muje bas uska scared hi yaad hein aur uska play kuch yaad nahi,Oh really? I did not see that part. I remembered he was scared but forgot what the play  was about.
Isme  Roy Schneider aur Richard Dreyfuss hai. Characters bahut real lagte hain.,Roy Schneider and Richard Dreyfuss are in it.  The characters seem very real.
bachon ke liye toh jyada gruesome ho gaye,It may be too gruesome for children though!
Mujhe lagta hai ki yah bahut sad hai ki Bruce ne Chill ko marne ka socha. Yah use dark bana deta.,"I think it is very sad that Bruce thought about killing Chill.  That would have made him ""dark"" also."
"haan yar, muje bhi kuch aisa hi laga ki jaws yek action movie hein",I do somewhat is jaws an action movie?
Comedies bahut cliche lagti hain aur aisi koi bhi nahi dikhti that I have favored in awhile.,Comedies seem to be very cliche and there does not seem to be one that I have favored in awhile.
hi,hi
mere paas bhi,mine also
"haan, belfort ne apne wife ko choda aur voh us prostitues mein mila drugs use karte",Yep. Belfort also loses his wife after she discovers he has been sleeping with prostitutes and  using drugs
Khilone,toys
khaani,story
isme shooting aur sex hai,its got shooting and sex 
main big fan nahin hoon DiCaprio ka,I not a big DiCaprio fan.
Nothing lika hai.,it does not say
main isake baare mein jyaada nahin jaanata. kya aap mujhe taaza kar sakate hain?,I don't  know much about it.. can you refresh me?
mein kaafi saalon se usse kuch movies mein nahi dekha,I have not seen him in any movies in years
Mujhe pata hai ki fire scene horrible tha.,I know the fire scene was horrible.
Yeh kab aayi?,when did it come out?
"ye American Neo-noir action flick ke sort ki he. ek critic ne ise  ""fired up, ferocious B movie fun ab asse adhik hum nahi pa sakte""  ki tarah descerib kiya he.","Its sort of an American neo-noir action flick. One critic described it as  ""fired up, ferocious B movie fun we can't get enough of""."
"kya ye marvel movies like he, comedy par heavy or classic action movies ki tarah zayada he",is it like the marvel movies heavy on the comedy or more like classic action movies 
mera bhi blank hein,Mine is blank also
Spoiler ki chetavani!!!!,spoiler alert!!!!
tumhe loki ke baare me kaisa laga?,How do you feel about loki?
kya tum bahut musicals dekhte ho?,Do you watch alot of musicals?
hey,Hey
"mein thik hoon, thankyou",I am good. Thank you.
"topiyaan ke lie khed hai, yogy","opps sorry for the caps,lol"
Thor ki third movie ke baad i love him more. Mera favourite captain america hai. Wo mujhe bahut interesting character laga.,Love thor even more now after his third movie. My favorite is captain america. Hes the most interesting character to me 
Tumhara favorite member kaun hai first avengers mein se?,Who is your favorite member from the first avengers?
Marvel mera jam hai ! lekin Avengers bahut ache hain.,Marvel is my jam! But the avengers are pretty cool. :)
"Yehi hai! Tumne iske bare mai suna hoga, then? Mujhe lagta hai ye dekhne layak hai.","It is! You've heard of it, then? It sounds to me like it's worth seeing."
dramas ka kya hua?,What about Dramas?
kaun kaunse actors hain is movie mein.,Who are the actors in the movie?
Yeh bhi true hai.,This is true too
"Alfred se love karo, wohi backbone hai.","Love Alfred, he is the backbone"
Kya wo jaan bhuj k abandon karte hai?,Did they abandon him on purpose?
American black comedy based of memoir same name ka movie he,The movie is an American Black comedy based of a memoir of the same name
"Kevin chhota baccha hai, uski exact age to nahi batate but 10 saal ka estimate hai",kevin is a young child no exact age is given estimates are he is around 10
I agree. Lagta hai wo apne emotions hold back karti hai. Bohat dull.,I agree. It seems like she holds back on her emotions. Very dull
"wo us creature ko stun aur immobilize kar dete hai, aur lab mein study ke liye lock kar dete hain","They stun and immobilize the creature, and then lock him in the lab for study"
Same,Same
mera second paragraph abhi aaya..,My second paragraph just came up
kya koi illegal trading chal rahi hai?,Is there illegal trading that goes on?
"jesse eisenberg, andrew garfield, armie hammer aur max minghella thoda familiar nahi hein..uska id bhi kuch IMBD","Jesse Eisenberg, Andrew Garfield, Armie Hammer , and Max Minghella, not famailiar with any of those, id have to look on IMBD"
is movie tho social network ke bare mein hein,The movie is The Social Network
mai waise John Legend ka music aur voice pasand karta hu,I like John Legend's music and voice though
wo amphibian ko study karne ka try kar rahe hai taki wo arms race mein Russian ke upar edge paa sakein.,They are trying to study the amphibian so that they can get an edge over the Russians during the arms race.
"haan voh sach hein. par jyada log us thrill ke liye dekhenge. udharan, voh movie me yek scene yek aurat uska naam chrissie watkins skinny dipping karthi thi ocean mein. jab voh pani mein hein, achanak use upper pull kar the hein, voh toh unexpected aur thrill bhi hein, muje toh us movie dekhkar badi kushi huvi.","Yeah, that's true. But, of course, most watch it for the thrill. For example, there is a scene in the movie where a woman named Chrissie Watkins goes skinny dipping in the ocean. While she's in the water, she's suddenly pulled under! It's unexpected and thrilling, one of the reasons why I enjoy this movie. "
mei tumko Toy Story ke bare mei batati hui vo bahut great movie hai.,There is this great movie I want to tell you about called Toy Story
kya police kabhi figure out kar payi ki kevin home alone hai?,Do the police ever figure out that Kevin is home alone?
vo mai tora sa chantit hu muje lagta vah marne ja raha hai,"Uh, yeah. I was a bit weirded out by that. I kind of kept thinking that she was going to die!"
alfred tho aise hero hein jo constantly bruce ko save kartha,"Alfred is such a hero in the movie, constantly saving Bruce"
"ofcourse, God yaani morgan freeman ne apna din ko save kara aur bruce ko bola","And of course, God  (Morgan Freeman) steps in to save the day and tells Bruce what he should do."
Thor lol. Mujhe hamesha comics ka character pasand aaya toh main bahut excited tha dekhne wo movie mein kaise play hua,Thor lol. I've always liked the character in the comics so i was really excited to see it played out in a movie.
ye kabhi specified nahi hai,it is never specified 
mai sahamat hu sare rough part muje mari dsaness se bahar le aye,I agree. All of the rough parts kept bringing me back from my trip of sadness. Haha!
Critics sochte hain Ki movie ne Batman key damaged psyche ko explore kiya hai.Tumhe kya lagta hai?,The critics thought that the movie explored Batman's damaged psyche.  What do you think?
usne  koi awards jeete kya uske liye?,Did he win any awards for it?
"haan muje bhi aise hi lagtha, lekin personally muje facebook itna bhi pasand nahi hein.","Yes I think it could be, although I personally do not like facebook as a company."
Hi. main chahta hun tum Guillermo del Toro ki The Shape of Water check karo.,HI!. I want you to check out The Shape of Water by Guillermo del Toro.
"are new scence, sabhi lawsuit jo uske against aate hai uski baat karte hai.","ah new scene, talking about all the lawsuits that came against him. "
mai sure nahi hu.. aisa lag raha hai ki ye bahut samay se aisa hai par ye ho nahi raha hai,I am not sure.. it seems like it has been awhile but it isnt cutting off
agar mera paas aise kuch powers hota tho mein bhi aise hi kartha lol,"Likewise, I kind of wish I had his powers so I could do the same lol"
acha ab mein chala. aapse chat karne se muje kushi hein,"Ok, let's get this done.  Nice chatting with you either way!  :-)"
voh toh ache shuruvad hein,This is a good beginning
"well, muje laga ki voh us trade ka tricks tho jarur sikh liya hoga","Well, I guess he learned many tricks of the trade with the company"
"vo log tho , logon ka dreams tho collect kar ke dream world bana dega.",they dive into peoples dreams to gather info from the dream world
"muje lagtha ki voh bats ka fear hein jo use opera mein chod detha, jo uske parents ka murdered huva tha",I believe the fear of bats  is what led him to leave the opera where his parents were murdered.
marvel movies flop nhi hoti but i feel as uski movie flop hogi.,marvel movies dont flop but i feel as if her would flop. 
thanks,thanks
nahi muje nahi patha.. lekin mein first matrix ko enjoy kar raha tha lekin donon aapas mein hit kar rahe thei.. dono us place ke liye knocked out kar rahe they,Noooo I didn't know that.  I enjoyed the first Matrix but the other two were trying to hard to be the  hit the first one was.  Saying that I can see why it knocked it out of it's place.
Is moive ka cinemascore A hai. Mujhe se sun kar koi surprise nahi hua. Sabhi actors ne fabulous kaam kiya hai.,The cinemascore for this movie is an A.  I'm not surprised at all to hear that.  All of the actors did a fabulous job.
or ha MerylStreep vi mai biswas karta hu,yeah and Meryl Streep as well I believe
voh ache job portraying kiya mute cleaner ke tarah is film mein. lekin love story tho sad hein,"She did an amazing job portraying a mute cleaner in this film, but the love story was so sad as well."
haan,yes
"haan bilakul. yah ek klaasik hai, lekin phir bhee bahut hee ekshan aaj ke lie bhee paik hai.","Yes, definitely.  It is a classic, but still very action packed even for today."
"acha tho funny, lekin dark funny","oh right. Gotcha. So, funny, but a dark funny."
pichle species stereotypes dekho,LOOK PAST SPECIES STEREOTYPES
wo kafi bara or uche derje ka kalakar hai,He IS a great and highly skilled actor.
theek hai: d,Okay :D
"ye kafi curious hai, kya tum kuch film scenes describe kar sakte ho?","That is highly curious, could you describe some film scenes? "
yaha bhi wahi. I feel uske begair bhi ho sakta tha. kya aap ko lagta hai uski own movie honi chahiye ?,Same here. I feel as they could've done without her. Do you think she should have her own movie?
haan,yes
philm ke baare mein kya hai?,What is the movie about?
muje ye acha laga. Kaash iske upar ek movie baney.,I love that lol. I wish they would make a movie about him
movie ka naam kya hai,What is  the name  of the movie?
Tujhe rating sahi laga?,Do you agree with the rating? 
Ellen Page,Ellen Page
tumhe nahi ki Elisa ka childhood definitely sad tha?,Elisa's childhood was definitely sad don't you think?
"Ok, main sun raha hun","Oh, okay, I am all ears"
mujhe lagtha hai hum dono ko 12 line covo chahiya,I think we both need to have 12 lines of covo
"ye kuch funny hai lekin mere khyal se ye previous movies me kiya gaya tha jaise The Little Mermaid , lekin beshak less visually","Well, it is kind of funny but it was already done in previous movies such as The Little Mermaid I think, but less visually of course."
oh wow mujhe Dark knight movie se love ho gaya.aur ye nahi kahta ki isne koi award win kiya or Box office par how much.,Oh wow I loved the dark night movies. And it doesn't say if it's won awards or how much at box office. 
"haan, love tho basically forbidden huva. agar mein dekha hota tho jarur drama kehete","Yes, a love that is basically forbidden. That makes for a drama if I ever did see one!"
mai biswas rakhta hu,after I believe
Mujhe bhi Ginnefer Goodwin pasand hai,I ALSO LIKE GINNEFER GOODWIN 
mujhe uska character pasand hai. maine apne dog ka wahi naam rakha lol,I like his character. Thats what i named my dog lol
kya tumhe pata hai aur kya karne jai hame is HIT me? mujhe nahin maloom next step kya hai,Do you know what else we are supposed to do for this HIT? I'm not sure what the next step is
"Duke jisse Anna love karti hai, use monster kehta hai. Elsa door chali jati hai, par kingdom mein hamesha ke liye thand ho jati hai, uske magic ki wajah se.","The Duke, the guy Anna fell for, brands her a monster. Elsa runs away, but the kingdom is left in an eternal winter, due to her magic."
aap ko 15 se zyaada hai,You have over 15.
"Rotten Tomatoes main uska 86% hai, so kaafi accha hai.","It has an 86% on Rotten Tomatoes, so that's pretty good."
Tujhe laga ke movie ka plot interesting hai?,Do you think the movie plotis interesting?
hello?,"Hello,"
aap nahi dekhe kya?,You haven't seen it?
rated kya tha?,What is it rated?
Movie dekhne ke bad mujhe books padhne me hard lagi.,I find books hard to read after watching the movie.
"Yadi aap religious ho, tho shayad aap ise nehi dekha chahoge.","if you are religious, you would not want to watch it"
haan. yeh tho sports fan ka hein?,Yes. Are you a sports fan?
first scene explain karta hai kaise kisi ka mind kaam karta hai.,The first scene kind of explains how going in someone's mind works.
"hey, Movie me tumhara  fav scene kon sa tha?","hey, what was your fav scene of the movie"
"Han, un dino mein Jim Carrey zyada hilarious tha. Morgan Freeman mere liye hamesha sound of ""God"" rahega","Yes, Jim Carrey was much more hilarious back in the days.  Morgan Freeman will always be the sound of ""God"" to me."
usme di caprio bhi hai,it has di caprio in it it as well 
koi problem nahi he. me bhi.movie me shark badi real lagi.,No problem.  Me too.  The shark in the movie looks very real.
"oh, toh voh kids movie nahi hein kya",Oh so not a kids movie.
KAISE HAI... HUM ZOOTOPIA KE BARE ME BAAT KARTHE HAIN,hI... WE ARE TALKING ABOUT ZOOTOPIA
movie dono ka acha mix hai lekin main kahunga ki ye more drama hai jisme beech mein thodi good laughs hain,the movie is a good mix of both but i would say it is more of a drama that has a good laugh once in a while 
kya ye ek  long movie he?,Is it a long movie?
movie kis baare me hai?,What is the movie about?
tom Hanks bahut jayada funny hai.,Tom Hanks was pretty funny.
Michael caine ne,Micheal Caine
Han meri bhi wo habit hai. Aur Guillermo del Toro totally wo award deserve karta hai. Uska work hamesha dekhne ke liye acha hota hai!,"Yeah, I have that habit too. And Guillermo del Toro totally deserved that award. His work is always pleasant to watch !"
"Haan, director ne vaastav mein apane darshakon ko araajakata aur aatank ke saath gher liya. 65 mm movie ne ise vaastavik roop diya.","Yes, the director really surrounded his audience with chaos and horror.  The 65MM film gave it a real feel."
Mujhe aisa lagta hai. Bad guys bad banne ke liye kafi hard work karte hain. Us effort ko kuch acche ke liye use kiya ja sakta hai kafi zyada success ke saath,I think so.  The bad guys work so harder at being bad.  The effort could be used for something good with a lot more success.
Hello,Hello
"mujhe nahi lagta ki ye movie 2010 me aayi thi, ye bahut long prateet hota hai.","I did not realize this movie came out in 2010, that seemed so long ago."
namaste!,Hi!
"Raja aur Rani chhoti behen ko heal karane ley jaate hain, aur jo use heal karta hai wo uski memory bhi change kar deta hai taki wo apni sister ki magical abilities ke bare mein bhool jaye.","The king and queen take the younger sister to be healed, and the being that heals her also changes her memory so that she doesn't remember her older sister has magical abilities."
"main Sally Hawkins se zyada familiar nahi hun, lekin Michael Shannon and Richard Jenkins great actors hain!","I am not really familiar with Sally Hawkins, however Michael Shannon  and Richard Jenkins are great actors!"
yeh yek aise movie jo meine dekha lekin thoda unusual love story hein,"This is the only movie I have seen of his, but it was definitely an unusual love story"
Movie ek chhote bacche Kevin k baare me hai jise uski family Christmas Vacation manane jaate hue abandon kar deti hai,the movie is about a young child named Kevin who was abandoned by his family when they went for their Christmas vacation
kyunki wo black tha?,Because he was black?
acha? mein is part ko nahi dekha.. muje bas itna yaad hein ki voh dargaya jab voh sabhi bhool jaatha,Oh really? I did not see that part. I remembered he was scared but forgot what the play  was about.
Dalal,broker
bilkul Sappy aur showtune ki tarah?,Sappy and showtune-like?
oh now i see tumne abhi tak nahi kiya he.,Oh now I see you have not yet.
"mein maantha hoon, voh toh kuch development showed kiya, kuch gratitude bhi","I agree, he definitely showed some development there, possibly just gratitude."
aap shuruath dekhi thi?,Hey have you seen the inception?
Main agree karta hu. Wo thode bahut hi honest logo mein se ek tha sahi kaam ke liye,I agree.  He was one of the few honest people in it for the right reasons.
"yep, jordan belfort us company ko later start kiya, buddy donnie azof ke saath","Yep, Jordan Belfort later  starts a company with his buddy Donnie Azof"
wo jab dialogue sing karte hai tab mujhe pasand nahi aata,I don't like when they sing the dialogue
haa. mei jarrur isko phir se dekhata hui. vaha absorb hone ke liye bahut hai.,Yes. I'll definitely be watching it again at some point. There was a lot to absorb.
Aap Sgt. Gordon ke character ke baare mein kya sochte hain?,What do you think of the character of Sgt. Gordon?
ha eyy sahi me aam tor par aachi cinema ki saili hai.,yeah this typically isn't in my genre but nevertheless seems to be a good movie
Michael Caine ne.,Micheal Caine
tho sean parker ne jo napster ke liye role play kiya tha voh tho apne aap ko persuaded kara aur Facebook ka originally role banaya hein,"and go figure Sean Parker who co founded Napster is in on it with Mark to make Facebook, i guess he is the one who persuaded him to drop the THE  as it was called Thefacebook originally"
"WAIT, LETTERS THO WAAKAHI MEIN SMALL HEIN IS DOCUMENT MEIN","Wait, the letters are very small on the document."
muje patha hein aap kya aap bole,I know what you mean.
THO CHARACTER KA NAAM KYA HEIN?,What was the characters name?
Ek aur exchange dete hain ise.,Let's give it one more exchange.
muje tho uska new powers ka usage bahut pasand aaya jaisa usne us miraculous events ko occur kiya,I like how he uses his new powers to cause such miraculous events to occur at otherwise mundane events'
bathcheeth mita de gai,"The ""finish conversation"" is grayed out."
acchi critical praise definitely  pradarshan ko check  karane ka ek reason hai kyonki ek good overall rating score isko muila hai,well critical praise is definitely a reason to check out a performance as is a good overall rt score
"Haan. Ek hi baat mujhe lagta hai work nahin karti, woh hai Robert JR ka team mein hona. Woh loan wolf type zyada lagta hai.",Yep. The only thing I really didn't think would work is having Robert JR be part of a team. He seems to be more of a lone wolf type.
tumhe scientific movies pasand hai?,Do you like scientific movies?
Usne customers ko dhokha diya.,He deceived customers.
shaayad haasy sookshm hai. mujhe yaad hai ki vaastav mein isamen jyaada haasy dekhane ko nahin mila,"Perhaps the humor is subtle.  I recall not really seeing to much humor in it though, "
mujhe yeh bhi laga ki yeh bohot unfair tha jo bogo ne usse resignation maanga kyu wo abhi nayi thi force me,I also thought it was super unfair of Bogo to request her resignation so quickly. She was still new to the force.
shuru mein toh muje lag raha tha ki Princess Elsa mein magical powers hein. lekin voh accidentally apni bahen ko hurt kar rahi thi.,"In the beginning, we find that Princess Elsa has magical powers. She accidentally hurts her sister with them, though."
"Mere liye yeh inflated hai, but phir bhi main isse dekhunga","Seemed inflated to me, but I still need to see it"
hi! kya aap Blindside with sandra bullock ko dekha?,Hi! Have you seen the Blindside with Sandra Bullock?
woody yek horse hein,Woody has a horse 
"dusra scene mein, us hrvard ke baare mein hein jo yale, columbia aur stanford se expand huva.. kaafi elite sounds kartha.. lol","another scene came up, i guess this site was just for hrvard but then they expanded to Yale, Columbia, and Stanford... sounds very elite like lol"
kya ye CGI he?,Is it cgi?
Maine Morgan Freeman ko bhi enjoy kiya  but woh apne sab hi works mein amazing hai.,I enjoyed Morgan Freeman also but he is amazing in all of his work.
"amphibian Amazon River mein capture hua tha, aur study karne ke liye lab mein laya gaya","The amphibian was captured in the Amazon River, and brought to the lab to study"
Us time ke president nixon the,The president during that time was Nixon
Wo recounts belforts perspective as sotckbroker newyork city me he,It recounts Belforts perspective as stockbroker in New York City
Is it weird to you that the avengers has such a high critic rating? most critics dont like super hero movies,Is it weird to you that the avengers has such a high critic rating? most critics dont like super hero movies
mere interest se aapko jarur peak hota hoga,You have peaked my interest for sure.
Us time pe kon president tha mujhe nai pata.,who was president at the time I wonder?
WBU,WBU?
ye adoptivemother ka bond  aur underprivileged kid ki adversity ko overcome karne ki ability bhi dikhata hai.,It is also one that shows the bond of the adoptive mother and the ability for an underprivileged kid to overcome adversity.  
Ye 1995 Mei bani hai and full length computer animated film hai.,It was made in 1995 and was one of the first full length  computer animated films.
Just a moment. Mujhe document read karna padega.,Just a moment. I have to read the document.
is document mein toh nahin kaha gaya. mujhe personally nahin pata.,It does not say on the document.  I personally do not know.
"Oh, thik hai. Jya wo apne liye thoda bhi fend karne mein able tha?","Oh, ok. Is he able to fend for himself at all?"
"haan, yah 70 ke dashak mein ek baar dekhane laayak tha!","Yes, that was worth a one time watch back in the 70's!"
kya tumne pehle ye movie dekhi hai? maine ye tab dekhi thi jab ye pehle aayi thi,Have you seen this movie before?  I have seen this back when it first came out!
"company, people ko scams kar dethe",The company scams people
"Hi main sahamat hoon. mainne ise nahin dekha hai, lekin aisa lagata hai ki isakee shaanadaar reviews aur rating hai.","Hi there! I agree. I haven't seen it, but it looks like it has great reviews and ratings."
kya movie hai?,What is the movie?
Jabki mujhe John Lagend ki awaaz or music bahut pasand aaya,I like John Legend's music and voice though
"ya, comedians tho ache film banate",ya comedians made the film good
Marvel is my jam! Lekin avengers bhi cool hai .:),Marvel is my jam! But the avengers are pretty cool. :)
muje bhi familiar nahi laghta,I am not familiar  with any of them either
"hello, mein yaha hoon, mera internet thoda slow hein yar, sorry yar","Hello, I'm here, my internet was just a little slow for a bit, sorry about that! "
"Haan, aur isee tarah mukhy abhineta ko ek gupt auditioning ke baad kaam par rakha gaya tha. casting auditions ke maheenon ko poora karana kitana shaanadaar hoga, aur mukhy bhoomika jeetenge.","Yes, and similarly the lead actor was hired after a secretive auditioning process.  How wonderful it would be to finish months of casting auditions, and win the lead role."
MOVIE ACHE HEIN,the movie is good
songs kaise the?,How were the songs?
Hello,Hello
Leonardo DiCaprio,Leonardo DiCaprio
RATING ACHHA HAIN KYA?,Are the ratings good?
"Wo knife ke slashes ki tarah hai..., jaise amphibian creature ke gills ko mirror kar raha ho.","They are like slashes from a knife..., kinda mirroring the gills of the amphibian creature."
"Jabki me sahi tha, mujhe nahi lagta mai conspire karunga US government ke khilaf.","Even if I was right, I don't think i could conspire  against the US government"
"sabki baat karun to, ye one of my favorite movies hai. main kafi bada movie fan nahi hun par ye wo movie hai jo maine many times rwatch ki.","When it all comes down to it, this is one of my favorite movies.  I'm not a big movie fan but this is one I can rewatch many times."
mai sure hu ki ye just hollywood effect tha,Im sure that was just for the hollywood effect
"end mein jab judy ne Nick se Zootopia police department ko join karne kaha tha, toh kya aap isse ache call kahe jaayenge?","In the end when Judy asked Nick to join the Zootopia police department, do you think that was a good call on her part?"
tumhe hawkeye ke baar mein kaisa feel hota hai?,How do you feel about hawkeye?
interesting movie ke tarah sound kartha,Sounds like an interesting movie
tumhari bhi! tumse baat karke achcha laga!,you too! nice talking to you!
"Tumne kabhi inception dekhi hai? Leonardo DiCaprio aur Joseph Gordon Levitt hain usme. If not, you should. Complicated hai par kaafi acchi ha.","Have you ever seeLeonardo DiCaprio and Joseph Gordon Levitt are in itn Inception? If not, you should. It's complicated but very good."
Critics ne certainly film me uske performance ko praise  kiya.,Critics certainly praised his performance in this film.
Are ok.stockbrocker ke tarah uska experience ki tarah bat kara he?,Oh ok. Talks about his experience as a stockbrocker?
muje bhi iske baare mein kuch kehana tha.. voh insight jo usne provide kiya tha ki kaise batman apne eyeopening bane.. uska parents aise usse chod de samay tho muje uske liye bura laga,I have to say so. The insight they provide about how he became Batman was eye opening. It was really sad to see him lose his parents like that.
"ha overall definitly yah yek majedar moive hai,dekhane  layak moive hai",Yes.  It was definitely an amazing movie overall.  Well worth seeing!
Maf karna,sorry
mein dekha. muje pasand hein,I have. I loved it.
toh kya zootopia dekha kya?,So have you seen Zootopia?
abhee tak vaheen?,still there?
hmm.. mein toh aapko convince kar ka koshis kar raha hoon ki aap us movie ko dekhne ki. mein document ke alava kuch baath nahi kar saktha hoon,Hmmm... I'm supposed to be convincing you to see it. I can't talk about anything not on the document.
"Voh Duke, jo Anna gir gayi thi voh monster hein. Elsa toh bhag gayi, lekin uska kingdom ko eternal winter ho gaya uska magic ke kaaran","The Duke, the guy Anna fell for, brands her a monster. Elsa runs away, but the kingdom is left in an eternal winter, due to her magic."
"ohh nahi :( achha, main bata sakta hun.","oh no :( well, i can"
LEAD THO LEONARDO DICAPRIO NE PLAY KIYA,The lead is played by Leonardo Dicaprio
Usne penny stocks ko badhava diya joki usko pta tha ki aache nahi hein,He pushed penny stocks that he knew were not good
mujhe peeche jakar review karne  me dhikat ho rahi hai,I am not able to scroll back up to review though.
"NAHI, KYA VOH ACHE KIYA?","Np, did he do well?"
Shayad date night pe,Maybe on a date night
Kya burglars ko ralize hua ki they are being fooled by a kid that is home alaonee?,Do the burglars realize they are being  fooled by a kid that is  home alaonee?
Music aur Lyrics ki tarah tha,Sounds like Music & Lyrics
movie kis baare me hai?,What is the movie about?
Kya Kevin ki mom ne burglars se pehle use pakad liya?,Does Kevins Mom get to him before the burglars do?
"hey, kya kar rahe ho","Hey, how are you doing?"
Mein bhi Steven Spielberg ko bahut like karta hun but who dosen't,I also  really like Steven Spielberg but who doesn't.
ye sach hai. Jim Carrey ke career ke liye kafi impressive! I hope tumne Evan Almighty nahi dekhi,True that.  Pretty impressive for Jim Carrey's career!  I hope you didn't watch Evan Almighty lol
tum chahte ho main dekhta rahun?,you want me to keep looking?
Uske baare mein sochne bhar se hi I feel on edge,I feel on edge just thinking about it.
Voh pack ka neta hai  mujhe nahin lagata ki Avengers utana lokapriy hoga jitana ki vah teem ka neta nahin tha,He is the leader of the pack. I really dont think the averages would be as popular as it is if he wasn't the leader of the team 
"Main bhee unhonne Avengers ke saath itana achchha kaam kiya. yadi vah viphal ho gaya tha, to koee raasta nahin hai ki ve maaya mein infinty wars jaaree karenge",Me either. He did such a good job with avengers. If he had failed their is no way they would be releasing infinity wars in may 
"hey, kya kar rahe ho?","Hey, how are you doing?"
par sahi me mai samajta hu cinema ki numbar or kafi aacha jata hei Rotten Tomatoes par,"for sure, I think the score on this movie looks really good on Rotten Tomatoes"
"mujhe Bellwethers ka character sabse mast laga, mujhe pata hai wo buri thi usme magar Jenny Slate ne bohot accha kaam kia","I loved Bellwethers character, I know she's a bad guy, but Jenny Slate does such a good job"
muje patha hi nahi ki voh novel ke based the,I never knew it was based on a novel.
"interesting lagta he, kya tumhe maloom ke kon se actors isme he?",Sounds interesting do you know which actors are in  it?
itna bad nahi tha,not bad though
Kya unhone Draw bridge ko raise karke Gotham ko surrounding cities se alag nahin kar diya?,Didn't they try to cut off Gotham from the surrounding cities by raising the draw bridge?
A Bo Peep,A Bo Peep
Kiu nehi? Tum ko comedies achcha nehi lagta,Oh??  Why not?  Do you not like comedies?
yah enimeted hai.,It's animated.
"haan yar, voh toh badi hilarious movie hein. aapka favorite character kon hein?","Yes, I have. The movie was hilarious! Who was your favorite character?"
haan worth watching hein,may be worth watching!
"YEH TRUE STORY KE BASED SE HEIN, AUR CHARACTER BHI",This was based on the true story and character.
"me samajhta hu ki vok natural causes ke marta hea aur uske liye ek puppy cchod deta he ki uske live zindagi me age badne ka koi reason ho, but kuch log uske home me ghus kar uske dog ko mar dete he","from what I understand she dies of natural causes and leaves him a puppy so he has a reason to go on, but then some people break into his home and kill the dog"
yeh itna lonely life lagta hai.,It seems like such a lonely life.
"plot mute cleaner hain jo secret government lab mein work karta hai, aur ek lab mein trap ho rahe amphibian se pyar karne lagta hai","The plot is about a mute cleaner who works in a secret government lab, and falls in love with an amphibian being trapped in the lab."
mujhe lagte hai usne foster parents ko overhear kar liya ki wo ghar mein welcome nahi hai,I think he overheard from the foster parents that he was not welcome in their home.
wallace\,wallace\
ye mind boggler hai,it is a mind boggler 
"to kya aap philm kee reting se sahamat hain? kaee logon ko yah ek daraavana thrilar lagata hai, lekin any log ise bheeshan bataate hain. tum kya sochate ho? kya aapako is tarah kee philm pasand hai?","So do you agree with the ratings of the movie? Many people find it to be a scary thriller, but others describe it as being too gruesome. What do you think? Do you like this kind of movie?"
"ok, thank you.","ok, thank you."
yah animated hai.,It's animated.
"as the antagonist Michael Shannon  hai, Richard Jenkins as Elisa's friend, aur Octavia Spencer bhi as her friend hai","Also there is Michael Shannon as the antagonist, Richard Jenkins as Elisa's friend, and Octavia Spencer as her friend also."
Kya tum is Genre ki movie enjoy karte ho?,do you enjoy this genre of movie?
"kya ye ""feel good"" movie hai jisme sports angle hai. han, kafi kuch ""Hossiers"" ki tarah. Main apne beton ko le gaya isey dikhane ke liye. Ye really ek family hai.","It is a ""feel good"" movie that has a sports angle. Yes, a lot like ""Hoosiers"". I took my sons to see it. It really is a family movie."
Kya aapako superhero movies pasand hain?,Do you like superhero movies>
Wo 1980's ka pop cover band baja raha tha..,He was playing in a1980's pop cover band..
Kahi lika hai ki movie kitnee lambee hai? Mere screen per kuch nahin lika hai.,Does it say how long the movie is?  I have no information about it on my screen at all
Kya wo ghar pe hi chhuta ya travel karte huye chhuta,Was he left at home or while they were traveling?
Vo ek 1980's ka pop cover band play kar raha tha,He was playing in a1980's pop cover band..
thriller? mi ne socha hi ki ye tho horror movie.,Thriller? I thought it was a horror movie.
mera choti cousin pucha ki voh kya hein aur kyon us loog kon hein aur bla bla. isliye mein children ko nahi influence karne devunga.,"My young cousin asked me what they were and why he was making them what they do to people, etc. So it might not influence most children but definitely some."
plot is,plot is*
"Maine bahut suna hai La La Land ke bare mein, lekin abhi tak real life mein dekha nahi","I heard good things about La La Land, but haven't see it IRL yet"
Tera favorite scene kaun sa tha? mujhe wo achha laga jo restaurant mein kar rahe the.,What was your favorite scene? I liked the one while they were doing a gig at a restaurant.
Ye thoda Frozen jaisa lag raha hai.,That sounds a little like Frozen
bachche ke paas kitane khilaune hain,How many toys does the kid have?
Are nahi Di,Oh no D:
Nahi Kevin ko khud ko burgers se akele hi defend karna pada usne ghar mein jagah jagah booby traps laga diye the which turn out to be very effective,no Kevin has to fend off the burgers himself he places booby traps all around the house which turn out to be very effective
ye bohat sad tha kyunki wo uske parents ka ghar tha right?,It was really sad because it was his parents' house right?
"jabki ant kafi crazy tha,tum jante ho vaha shootout hua",The ending was a bit crazy however.  You knew there would be a shootout but after that...
Main bhi yahi samjhta hoon. Jo insight di hai ki woh batman kaise bana woh aankh kholne wali hai. Dekh ke bahut dukh hua ki usne apne parents ko kho diya.,I have to say so. The insight they provide about how he became Batman was eye opening. It was really sad to see him lose his parents like that.
marvel movies flop nahi hote lekin mujhe lagta hai uske flop honge,marvel movies dont flop but i feel as if her would flop. 
"nahi, lekin me just might.","No, but I just might."
aapka favorite part konsa hein?,What was your favorite part?
Mujhe surprised nahi hoga ye jaankar ki Ye ek Hidden Real Story thi jo ki Government nahi chahti ki bahar aaye.,I would not be surprised at all if this was a hidden real story that the government did not want to get out  
Same,Same
"Hi,muje movie ke bare me thoda batao please?","HI, tell me a bit about the movie please?"
Kya tumhe ye movie pehle dekhi hai? maine ise pehle dekha tha jab se first aayi thi.,Have you seen this movie before?  I have seen this back when it first came out!
Aisa lagta hai ki ye ek  30 year old document hai Jise wo nahi chahte ki people iske baare me jaane,that's what it seems like that it was a 30 year old document that they didn't want people to know about
"tumhe samajhna padega, ki main character orphaned hai aur river mein mila tha, neck pe wounds ke sath.","You have to realize, that the main character was orphaned and ALSO found in a river,  with wounds on her neck."
is story mein Micheal jo Highschool me us white family ko adopted kiya aur college ke liye uska support liya us football scholarship ke liye aur Ravens ke liye uska drafted kiya,It the story of Michael Oher who in high school was adopted by a white family and with their support went to college on a football scholarship and was drafted by the Ravens in the pros.
Bilkul.  Kuch log apni personal gain ke liye bure bante hain par doosron ka help karna nahin chahte.,exactly but some would rather be evil for their own personal gain than to help others
kya aap novel pade the kya?,Have you read the novel?
kaali widow. kisi wajah se uska character pop nahi hua,Black widow. Her character just didn't pop for some reason
"Yes, Bruce almighty meri go-to movies me se ek hai.","Yes, Bruce Almighty is one of my go-to movies."
hello?,hello?
"main is movie ke bare mein batana chahtha hoon, lekin tum interested nahin ho.","I would love to tell you more about this movie, but you don't seem interested."
Love them  kya aapko dc or marvel adhik pasand hai?,Love them. Do you like dc or marvel more?
aapka konsa,Who was yours?
mein toh apni doston ke saath dekha kyon ki uska 2 saal beta ko fir se dekhne ka man kiya,I actually watched it at a friends house because her 2 year old had it on repeat
Snappy our showtune jaisa?,Sappy and showtune-like?
"me sochta hoon voh robotic shark thi, but me sure nahi hoon.","I think it was a robotic shark, but am not sure."
"nahi, wo uska track lose kardete hai kyuki bahut saari family christmas k liye aayi thi.",no they had lost track of him since they had multiple family's over for christmas
"Haan, main agree karta hoon.  Kuch honest logon mein right reasons ke liye woh bhi ek tha.",I agree.  He was one of the few honest people in it for the right reasons.
kya aapako sangeet pasand hai?,Do you like musicals?
is ek ka vishay kya hai?,What is the topic of this one?
ye bhai ki movie hai.,It is a buddy film
"lol, sach hein yar, isse tho aur crazier ban jaatha is situation ko","Lol, very true.  It sure makes the situation crazier that it should be "
Wo ghar pe chhuta hai,he was left at home
Hi!,Hi!
hey kya kar rahe ho,"Hey, how are you doing?"
HAAN,Yes
yeh mostly bacho ke bedroom mein hoti hai.,It is mostly in a kids bedroom.
"I found it to be to gruesome  aur reting se sahamat nahin tha. lekin phir, mujhe hinsak philmen pasand nahin hain.","I found it to be to gruesome and didn't agree with the rating.  But then, I don't like violent movies."
"philm ek sangeetamay hai,  89% सड़े टमाटर की रेटिंग है, aur staars idina menzel. vah sangeet dusht ke lie prasiddh tha.","The movie is a musical, has a 89% Rotten Tomatoes rating, and stars Idina Menzel. She was made famous for the musical Wicked."
"Is movie mei voice actor bhi Tom Hanks, Tim Allen and Don Rickles ki tarah famous actor hai.","The voice actors in the movies are very famous stars such as Tom Hanks, Tim Allen, and Don Rickles."
muje swarm of bats ka part kuch yaad nahihein,I didn't remember the part about the swarm of bats.  
STRATTON OAKMONT KA FIRM THO RAMPANT CORRUPTION NE ENGAGED KIYA JO FRAUD THA,His firm Stratton Oakmont engaged in rampant corruption and fraud
aap hein?,Are you there?
Kya tumhe pata hai ki kaise pata chalta hai ki ho gaya?,Do you know how we tell when we are done?
Wo accha he?,Is it good?
"haan, yeh dramatic film hein",It does.  Its a great dramatic film.
to bahut se critic's agree karte hai ki yeh good movie hai?,So most of the critics agree it's a good movie?
Accha toh Bad Guy,Ah SO THE BAD GUY ..
"Arey no, yeh to bahut bura hua","Oh no, that is awful"
"Ellen Page bhi hai usme, i love her","Even Ellen Page is in it, and I love her."
Yes,Yes
Yes mujhe Actually ye laga ki ye movie mujhe More true story type films dekhne ke liye make karegi,yes I actually think this movie makes me want to see more true story type films
okday,Okay :D
"The critics ka movie jo batman ko psyche se damage kiya tha na, tho uske baare mein aapko kya socha?",The critics thought that the movie explored Batman's damaged psyche.  What do you think?
interesting yar.. lekin uska life ka true elements tho muje sure hein,Sounds interesting. I'm sure has true elements of that life.
"yah ek paree katha hai, hans krishchiyan endarasan kee ""da sno kveen"" par aadhaarit hai. mukhy paatron ko ek raasta khojana hoga  sardiyon kee barpheelee pakad se duniya ko mukt karane ke lie.","It's a fairy tale, based on Hans Christian Andersen's ""The Snow Queen."" The main characters have to find a way to release the world from the icy grip of winter."
i also love her,i also love her
voh toh pyara tha jab nick nei judy ke liye stuckup kiya jab BOGo nei use quit karne ka demand kiya,It was sweet when Nick stuck up for Judy when BOGO tried to demand her to quit
"ye fairy tale hai, Hans Christian Andersen ki ""The Snow Queen."" par based hai. main character duniya ko winter ke kabze se nikalne ke liye rasta khojna  hota hai.","It's a fairy tale, based on Hans Christian Andersen's ""The Snow Queen."" The main characters have to find a way to release the world from the icy grip of winter."
Good. Tum kaise ho?,Good.  How are you?
wo afraid nahi excited jyada hai,he is not afriad but more excited
"Mujhe pata hai, par mai khush hu ki woh jeeta.",I know.. but I'm glad he prevailed 
Me too,Me too
"hey, kya kar rahe ho","Hey, how are you doing?"
Chalo ise ek aur  exchange dete hai.,Let's give it one more exchange.
"U.S. aur Soviets ki rivalry ki ye Awesome, fantasy aur thrilling argument hai","Awesome, fantasy and thrilling argument of the rivalry between U.S. and the Soviets. "
"khair, jaise ek vyakti ne ise rakha, yah ek tarah se vudee elan kee tarah mazedaar hai.choonki yah ek klaasik hai, yah theek vaisa nahin ho sakata jaisa aap yaad karate hain. bhale hee sirph hansee ke lie ghadee dekhane laayak ho!","Well, like one person put it, it's funny in a Woody Allen sort of way. Since it's a classic, it might not be exactly as you remember. Might be worth the watch even if just for the laughs!"
"muje kuch patha nahi ab vaakahi mein mein kya kahun... voh toh bahut long ja raha hein , aur voh silly bhi hein. mein toh return karne vala hoon us hit ko. isse aapka conversation abort hoga magar aapko paid bhi hoga. voh terrible hein yar",I honestly don't know what else to say...... This has been going on way too long and is honestly silly. I'm going to return the HIT. Hopefully you can abort the conversation and still get paid. This is terrible
"Han, ye implied hai. is film me kafi symbolism and allegory hai.","Yes, it is definitely implied. There is a lot of symbolism and allegory in the film."
I agree. Main samjh sakta hu kyun iski wajeh se Batman crime fighting mein life pursue karne lag gaya.,I agree.  I can see why it led to Batman pursuing a life of crime fighting.
Mera second paragraph abhi aya,My second paragraph just came up
nahi muje nahi patha. lekin mein first matrix tho enjoy kar rahi thi lekin voh dono tho aapas mein hit kar rahe the.. bolte hein ki kyon muje is place se knocked out kiya,Noooo I didn't know that.  I enjoyed the first Matrix but the other two were trying to hard to be the  hit the first one was.  Saying that I can see why it knocked it out of it's place.
"real people ke tarah, lekin stupid hein yar.. voh important problem ko solve karne ke try mein hein","like real people, just stuipd ones, trying to solve an important problem."
funny actors tho ache hein,Funny actors would make it good
KAISE HAI,hi
mujhe pata hai fire scene horrible tha,I know the fire scene was horrible.
ok,OK
"Kevin ki mom ko tab realise hota hai ko wo chhut gaya jab wo apni destination pe aajate hai, phir wo return flight lene ki koshish karti hai but koi available nahi rahta to wo wapas strangers k sath drive karte huye ati hai",Kevin's mother realizes that he is lost once they arrive at their destination and she trys to get on a flight back home but there are none available so she drives back with strangers 
"acha, tho kab voh apne start kiya","so, even when he starts his own, huh?"
lakad,Woody
Mujhe Ryan Goslings ka kirdaar bhi achha lga.,I really liek Ryan Goslings character as well
Ok cool,ok cool
acha mein sab boltha hoon us keyscene ke baare mein.,Let me tell you about it. It's bringing up key scenes.
kevin ghar par reh jata hai kyunki power outage ki wajeh se family oversleep kar leti hai aur flight ke liye late ho jati hai to confusion me wo kevin ko misplace kar dete hain kyunki usey pichli raat ko attic mein bheja tha misbehave karne ke liye.,kevin is left home because a power outage caused the family to oversleep and be late for their flight so in the confusion they misplaced kevin as he was sent to the attic for misbehaving the night before 
acha?,Is it?
"nahin, its from 2009",no its from 2009
90 min ke bare mei,about 90 min
ok....theek hai,Ok...done.
yes tumhara din achcha ho,Yeah well have great day. :)
tum bahut slow typist ho considering kitna exciting hai ye movie,You're a very slow typist considering how exciting this movie is.
Bechari Poor Elsa,Poor Elsa
Mujhe bhi,Me too
Haan main uske character ke liye sorry feel karta hu par uska character kafi zyada uske Friends days se milta julta hai.,Yes I feel sorry for her character but her character sounds too much like her Friends days.
"me uska great fan ho aur uske work ka bhi, yadhyapi mujhe nahi lagta ki voh uski wife ko avenge kar raha he","I am a great fan of him and his work, I don't think he's avenging his wife though"
mein bhi aise hi kartha agar mein bruce ka situation hota lol,I probably would have done the same if I had been in Bruce's situation. LOL'
Bahut pasand hain. Tujhe dc or marvel kaun si zyada pasand hai?,Love them. Do you like dc or marvel more?
Ok. Kevin ke koi siblings hain kya?,Ok. Does Kevin have any siblings?
utna bad nahin hai,not bad though
ha ha,:)
"haan yar, aap toh jarur sun rahe honge? muje lagtha hein ki yeh worth seeing hein","It is! You've heard of it, then? It sounds to me like it's worth seeing."
Isme piggy bank hai,There is a piggy bank
"wo todhi pagal thi, magar use akele aise rookie par nahi jana tha","She was a bit naive, but she also shouldn't have been out alone as a rookie."
yah ek bahut badee vishaal saphed shaark ke baare mein hai jo vaise bhee ek chhuttee samudr tat ke kareeb hai.,It is about an extremely large great white shark that is way too close to a vacation beach.
tumhe kuch aur janana hai to make a decision,is there anything further you want to know to make a decision 
"lekin kuch logon ke paas subconsciousness mein defenses hain, aur team attack hota hai bande ke mind mein.","But some people have defenses in their subconsciousness, and the team gets attacked in one guy's mind."
muje lagtha hein ki voh innocent tha. aur kuch plot line mein add kiye honge toh voh aur complicated ban saktha aur kids ke liye toh harm ho saktha tha,I think it was innocent enough. Probably too complicated of a plot line to really do any harm to kids.
nahi movie acchi hai. jitna kam janoge utna accha.,no the movie is really great. The less you know the better
Pehle hamein pata chalta hai ke Princess Elsa ke paas magical powers hain. Par apni sister ko accident se hurt kar deti hai woh.,"In the beginning, we find that Princess Elsa has magical powers. She accidentally hurts her sister with them, though."
"yah bahut acha hai ,muje lagta hai ki moive drama aur fantasy ka balance hai","Yeah, it is so cool because I felt as though that the movie had a balance of drama and fantasy."
oh... ok. danyavad clarification de ne ke liye.,Oh....ok. Thank you for clarifying.
"Mai kuch dekhta hu, par mai unke baare me bahut picky hu","I watch some, but I'm very picky about them"
"Ha, main bhi agree kartahoo ke uska character bahot friendly hai","Yes, I agree that her character was very much a Friends style role. '"
"muje us movie ka long hi forget huva, kaafi saara scenes honge aur events bhi change",I forgot how long the movie was there were a lot of scenes and changes of events.
"Woh sach mein sad ghatna  thi kyonki woh uske parents ka ghar tha, hai na?",It was really sad because it was his parents' house right?
"NAHI, SARCOSSE NE","No, Sarcosse"
muje bhi,I have indeed
muje pasand hein jab voh apni new powers ko use kar raha tha us miraculous events ko cause karne aur usse mundane events ko occur kari,I like how he uses his new powers to cause such miraculous events to occur at otherwise mundane events'
mein aise kuch nahi dekha hoon,I have not seen that one either.
Aap kya isako recommend karenge?,Would you recommend it?
Kevin kitne saal ka hai?,How old is Kevin?
"Yes, unme se ek critic ne kaha ki Mia ka character thoda dull tha aur Sebastian to ek jazz snob hai","Yeah, one of the critics said Mia's character was a little dull and Sebastian is a jazz snob"
"Same Here, Ye actually me hua tha jisne ise more interesting bana diya",same here it makes it more interesting knowing it actually happened to
"haan, is movie mein toh nick neh uska trust aur authority nahi develop ki. aur muje guess hein ki voh criminal background mein jarur nahi aayega","Yeah, the movie didn't show Nick developing enough for him to be trusted with that kind of authority. Plus I am guessing that his criminal background wouldn't go well."
"sach hai, Jim Carrey ke career ke ke liye yah bahut impressive hai! I hop tumne Evan Almighty nahi dekhi hai lol",True that.  Pretty impressive for Jim Carrey's career!  I hope you didn't watch Evan Almighty lol
"haan yar, 8/10 toh right hi hota. Rotten Tomatoes ka review bhi high hota muje pasand hein","I do. 8/10 seems right. The Rotten Tomatoes review seems high, but it's impressive"
I have. Mujhe achi lagi ye.,I have. I loved it.
pahala drshy pauraanik hai jab ek mahila ko jabade ke neeche kheencha jaata hai.,The first scene is legendary when a woman is dragged under by Jaws.
kis chutti k aap pass yeh release hui tha?,What Holiday was this released around?
kya mujhe decision lene ke liye kuch aur pata hona chahiye?,Anything else I should know to make a decision?
"Maine mere 18 turns gine hai, apke pas kam se kam utne hone chahiye.",I counted 18 turns on my side and you have at least that many.
kaash main bata sakta.,I WISH I COULD TELL YOU
"Mujhe bahut aashchary hai ki Harry styles ko is tarah ke high profile role mein kaast kiya gaya tha, unakee prshthabhoomi ek gaayak ke roop mein thee. choonki Nolan ko is baare mein pata nahin tha, isalie mujhe khushee hai ki unakee raay ko darakinaar nahin kiya gaya.","I'm very surprised that Harry Styles was cast in such a high-profile role given his background as a singer. Since Nolan didn't know about this, I'm happy his opinion wasn't swayed. "
mene really good things suni he par dog killing bit downer ho sakti he,I've heard really good things but dog killing can be a a bit of a downer
Jordan Rothschild ke liye stock broker tha,Jordan was a stock broker for Rotschild.  
Kya tum ye movie rewatch karoge?,Would you rewatch the movie?
great score hai is film ka rotten tomatoes par,This film has a great rotten tomatoes score
"yes, wo bahut selfish type ka aadmi, mere hisab se reality me bhi","yeah, he is a very selfish type of person I think in reality"
Mujhe pasand pasand nahi aata jab wo koi diaogue sing karte hai.,I don't like when they sing the dialogue
Woh logo ke mind main jaate hain to steal information,They go into people's minds to steal information.
Thik hai. Sounds good,IT SOUNDS GOOD
"Nahin main religious nahin hoon, tho yeh theek hai.",No I'm not religious so I guess I'm ok
mera bhi blank hai,Mine is blank also
"nahi yar, aap?","No I havent, have you?"
"Absolutely! agar yah pahale kee tarah kuchh bhee hai, yah bahut achchha hoga. isake alaava mujhe nahin lagata ki joss whedon koee bhee galat kaam kar sakata hai.","Absolutely! If it's anything like the first one, it'll be great. Plus I don't think Joss Whedon can do any wrong lol."
I think topic pe depend karta hai.,I think it depends on the topic
powder scene tho badi scary hein.. muje yakin hi nahi ki unke paas antidote hein,The powder scene was very scary.  I cannot believe they had an antidote.
Tom Hanks wo kalakar hai jo The Post too par vi kam kar chuka hai,Exactly. Tom Hanks plays as one of those who works for The Post too.
younger people ko entertained rakhne ke liye kaphi tez aur muzedar hai,FAST AND FUNNY ENOUGH TO KEEP YOUNGER PEOPLE ENTERTAINED
aap bahut sare musicals dekhte ho kya?,Do you watch alot of musicals?
Christopher nolan director he.,The director is Christopher nolan
haa ye movie hai jo aap bahut baar desh sakate hao.,Yes it is definitely a movie you could watch multiple times..
wo ghar par akela rehna pasand karta hai par usey do burglars milte hai jisey usko rokne ki koshish karni hai,he enjoys being alone but he is met with two burglers who he has to try and strop 
ya woh tab wahan around nahi tha.,or that wasn't around then..
"HAAN, KYA ISME ACTION HEIN?","Yes, true. Does it have much action?"
kya tum is movie ko dobara dekhoge?,Would you rewatch the movie?
"wow, mene socha tha ki yeh recent he but ye 2009 me aya tha.",Wow I thought this was recent but it came out in 2009.
areeh D:,Oh no D:
tho mark jaise douche ko badiya film miltha. thoda uska company ke baare mein bhi agar voh soch lethe,"So it came out of Mark being kind of a douche, Makes sense when I think about the company "
Jazz Panist mujhe excited mhi kar paya.,Jazz Pianist doesn't get me excited
ye kis type ki action movie he,what kind of action movie is it
oh wahan hai wo,OH THERE IT IS
Okay to main soch raha hun hame kis baare mein messages exchange karna hai?,Okay so I wonder what we're supposed to exchange messages about?
loki ke baare mein tumhe kya lagta hai,How do you feel about loki?
"MUJE LAGTHA HEIN KI MEIN IS MOVIE KA TRAILER DEKHA HOON, MUJE LAGTHA KI MICHAEL DOUGLAS BHI IS MOVIE MEIN HEIN",I think I remember seeing the trailer and I think Michael Douglas is also in the movie
muje lagtha hein ki mein dubara iska end watch karunga,It seems like I will have to rewatch it in the end.  
mujhe lagata hai ki yah vishay par nirbhar karata hai,I think it depends on the topic
ye extractors ke bare me he jo military technology ka use karke people par experiments perform karte he taki apne targets ke bare me info retrieve kar sake,It's about  extractors that  perform experiments using military technology o n people  to retrieve info about their targets. 
muje us swarms ka bats kuch yaad nahi hein,I didn't remember the part about the swarm of bats.  
main is se familiar nahi hun,I'm not really familiar with it?
nick wilde,Nick Wilde \
"acha kitna funny hein, kya aapko laga ki IMDB ka rating appropriate hota hein?","Oh, how funny. Do you think that the IMDB rating is appropriate?"
muje lagtha ki yeh football player ke baare mein hein,I think I know the football player it was based on
usaka ek naya friend use vaapas usee ke paas le jaata hai jisane use pahale theek kiya tha. vah kahata hai ki true love ka ek act heen hai jo use bacha sakata hai. main ending ko kharaab nahin karoonga.,One of her new friends takes her back to the same being who healed her before. He says that an act of true love is the only thing that can save her now. I won't spoil the ending.
"iski Rotten Tomatoes 92% rating hai, aur isey CinemaScore se A mila. Ye American fantasy drama, ek love story hai.","It has Rotten Tomatoes 92% rating, and got an A from CinemaScore. It is an American fantasy drama, a love story"
"yeh sahi baat hai ki rotten tomatoes ki ratings kharab hoti hai usually, isiliye yeh todha surprising hai. Mujhe main theme acchi kagi jaha log judge nahi kiye ja rahe apne rang k liye. ( kam se kam is case species me)","I agree, Rotten Tomatoes usually has horrible ratings so it is a bit surprising. I like the main theme that people can't be judged based on their color (well in this case species)."
acha moive ka romantic hissa bathtub tha vah kafi alag,Right.  The romantic part in the bathtub was a bit different however.
haan. movie extremely well directed hai aur Sally Hawkins ne apne role me badhiya job kiya hai.,Yes.  The movie was extremely well directed and Sally Hawkins did a great job in her role.
"Thanks, mei dekhati hui. Achi baat hai","thanks, I will watch it. SOunds good"
bechari Elsa,Poor Elsa
"Yeah, mujhe bhi Pan's Labyrinth pasand aaya","Yeah, I liked Pan's Labyrinth too"
Honestly. Mujhe Freeman's ki voice pasand hai. Jennifer Anniston bhi bahut acchi thi. But mujhe unke character ke liye khed hai.,Honestly.  I love Freeman's voice.  Jennifer Anniston was also very good.  But I did feel sorry for her character.
Mujhe ye dekhna hoga. Lagta hai ki iske baare mein bhull gya huin.,I'll have to check it out. Kind of forgot about this one
Abhi release hui kya?,Did it just come out?
Mujhe holiday yaad nahi. Par mujhe yeh zarur lagta ki yeh ethical tha kyuki wo ek wanted suspect tha aur wo sirf apna kaam kar rahi thi,I don't recall the holiday. I do think that it was ethical because he was a wanted suspect so she was just doing her job.
Main use like karta hoon par uske liye bad feel karta hoon.  Woh Batma mein key player hai magar baar baar dismiss hota hai.,I like him also but I felt bad for him. He seems to be dismissed often as a key player in Batman
hello,Hello
AAP BHI,have you
ye score jyadatar studio wale khud inflate kara dete hai. mai hamesha trust nahi karta inhe,Those scores are often inflated by the studios themselves. I don't always trust RT
Information  ke liye dhanyavaad.,Ok thanks for the information
Steven Spielberg ne isko direct kiya hai aur ye bahut acchi tarah kiya hua hai.,Steven Spielberg directed it and it is very well done.
Mujhe nahi pata isme ye state nahi kia,I dont know it does not state it 
muje tho us bat ka fear samaj hein aur usse vaha hi chod aaye jaha opera ka parents murdered huve the,I believe the fear of bats  is what led him to leave the opera where his parents were murdered.
"hello yar, mein is movie ko nahi dekha hoon tho, tho mein thode der ke liye isko dekh loonga","hello there, I have not seen this movie so im going to take a minute to look it over :)"
Don Rickles Mr pototo head hai,A Mr pototo head is Don Rickles
"On a scale of 1 to 5, tum kaise rate karoge yeh movie?",On a scale 1 to 5...how would you rate this movie?
Nischit hi ye unique hai. Kya tum jaante ho if ki ye book par based hai ya ki previous work pe?,Certainly seems unique. Do you know if it is based off a book or a previous work?
Hume lagta nehi ke hum dobara ye movie dekhenge,I do not think I would rewatch this movie.
kya tum Keanu Reeves ke fan ho?,Are you a fan of Keanu Reeves?
"Is turk hit mein kahate hai ki hum donon ko pardhane ke liye paragraph mila hai, magar muje nahi mila....whatever.",It says in the turk hit that we will both have the paragraph available to read and I don't so....whatever I guess
hi yar,Hi there
Tumhe konsa member pasand nahi hai?,Which member do you dislike?
haan. jo stress se woh gujre wah insane hai. mujhe lagta hai ki sare actors aur actresses ne fantastic job kiya hai audience aur viewers ko feel karvaya jo ho raha hai.,Yeah. The stress that they must have endured is insane. I think all of the actors and actresses did a fantastic job of having the audience and viewers feel what was going on.
good.. aap?,Good.  How are you?
aap ko action movies pasand hein kya?,Do you like action movies?
jab voh uska face mein powder dala tho usse sabhi dekh jaathi.. us scene mein thoda wicked nazar aatha,The scene when they blow the powder in his face and he starts seeing things... that was pretty wicked. 
Di caprio ke opposite kaun actor hai?,Who stars opposite of DiCaprio?
mein yakin hi nahi hota ki voh mansion mein burnt ho jatha,I cannot believe his mansion burnt down in flames
Isake baare mein can you tell me anything?,Is there anything else you can tell me about it?
"banda agar doosre ke mind me mar jaye, to woh stuck ho jayega infinite limbo mein jahan woh bhool jata hai ki woh dream mein hai","If the guy dies will in another person's mind, he may get stuck in an infinite limbo where he forgets he's dreaming."
"hmm, tho is scene tho mark ke baare mein hein... thoda childish hein... voh yek women ke liye is site banaya tha... dono college mein the fir classmates ban gaye aur pyar karne lage, kaise koi facebook ke liye work kar sakthe","hmm so I just got a scene described to me, it turns out Mark was dumped so he made a blog about her ... kind of childish.... then he made a site for people to ""rate"" women on looks...the college put him on porbation. and then that captured the attention of two classmates , that how the trio came to work on facebook I guess."
"is movie mein, maa ka birth isme nahi dekhayei gaye.. michael tho college nikla",The birth mother doesn't show up in the movie. Micheal does go off to college.
ye kon se corporation mei kam karte hai?,What corporation was he working for?
"acha, tho voh well mein fell huva tho tons of bats nein swarming ki.. voh initially afraid tha","Oh yeah, he fell in the well and a ton of bats were swarming him. He was initially afraid of t hem."
"haan, uska ek way to different worlds aur interesting creatures create karne kaa.","Yes, he has a way of creating different worlds and interesting creatures."
"mene voh scene pasand nahi kiya jisme Mia end me use cchor deti he,yadhyapi ye sad tha","I didn't like the scene where Mia left him at the end though, it was sad "
Mere vichar se Emma Stone ne fantasic job kiya hai,I thought Emma Stone did a fantastic job though
Kya wo convicted hai?,Did he get convicted?
to kya wo apne liye fend nahi kar patha? kya wo afraid hai?,"So, he is not able to fend for himself?  Is he afraid?"
uske ek naye friend ne use vaapas usi being ke paas le gaya jisne use pehle heal kiya tha.Usne bataya ki true love hi use bacha sakta hai.Mein ending spoil nahi karna chahti.,One of her new friends takes her back to the same being who healed her before. He says that an act of true love is the only thing that can save her now. I won't spoil the ending.
"Mujhe Jason bateman pasand hai in comedies, so yeh wali achhi hogi.","i LIKE JASON BATEMAN IN COMEDIES, SO THIS SHOULD BE GOOD"
hanna tho stockbroker ka fellow hein jo rothschild,Hanna is a fellow stockbroker for Rothschild
haha,HAHA
tumhara favorite scene kya hai? mujhe vo jab ve restaurant mein gig kar rahe the.,What was your favorite scene? I liked the one while they were doing a gig at a restaurant.
"banda agar doosre ke mind me mar jaye, to woh stuck ho jayega infinite limbo mein jahan woh bhool jata hai ki woh dream mein hai","If the guy dies will in another person's mind, he may get stuck in an infinite limbo where he forgets he's dreaming"
Kya ye R rated hai? Ya PG-13?,"Is it rated ""R""? or PG-13?"
any khilaunon ke bahut saare aadaan-pradaan karate hain aur vyangy ko dilachasp rakhate hain,Lots of other toys interact and keep the soty interesting
5,5
"Hmmm ... Mujhe tumko convince karna hai ye dekhne ke liye. Jo document main nehi hai, uske bare me main kuch nehi keh sakta hun.",Hmmm... I'm supposed to be convincing you to see it. I can't talk about anything not on the document.
mujhe vah pyaar hai. kaash ve usake baare mein ek philm banaate,I love that lol. I wish they would make a movie about him
"Theek hai thanks, sunne mai interesting lagta hai","Ok thanks, sounds interesting"
"Anna Elsa ko khojane jaati hai aur raaste mein kuchh nae friends se milati hai. jab ve Elsa,ko confront karate hain, to vah galatee se confront ko phir se injure kar detee hai.","Anna goes to find Elsa and meets some new friends along  the way. When they find and confront Elsa, she accidentally injures Anna again."
HAAN MAIN DEKHA HOON,"yes, i have"
Main indeed.,I have indeed
???,???
kah nahi sakta how long is it.,Doesn't say how long it is. 
AAP DEKHE HAI KYA ?,HAVE YOU SEEN IT?
main bhi nahin but normally woh good movies main he hota hai,me neither but normally he is only in rather good movies 
nahi meme nahi kia. ye kis bare mei hai?,No I haven't. What's it about?
The wolf of wallstreet,The Wolf of Wallstreet
"Great, plot kya hai?","Great, what is the plot?"
"yes, ye thoda behatar lagta hai i suppose so tum kah sako ""facebook me"" lol","yeah, flows a bit better I suppose so you can say ""facebook me"" lol"
voh successfull they aur unke paas jyada money hein.. michael tho kabhi opportunity nahi mila.. lekin unke family member hone ke baad usse uska mother ko mila aurusse realized huva ki voh evicted hein.. voh NCAA ko bhi bola kyon ki voh apni family pyar kartha hein,They were very successful and had a lot of money. Micheal just never had the opportunities. After becoming a member of the family he  tried to go  back to visit his mother but realized she had been evicted. He told the NCAA he chose to go to Ol' Miss because that is where his family goes.
bahut interesting hai ki kaise us creature ke paas mysterious healing powers the,It was interesting how the creature had mysterious healing powers
IMBD ki ratings jyadatar high nhi hoti,IMDB ratings usually aren't that high
lekin sab kuch pretty artfully kiya gaya hai,But everything is done pretty artfully etc
"main bas usee ko dekh raha tha. mujhe laga ki ajeeb sa lol tha. yah kuchh bahut bade abhinetaon mein mila hai, haalaanki shaayad ve prashansakon ke yogy hain.",I was just looking at that. I thought that was weird too lol. It's got some pretty big actors in it though so maybe they're fans lol.
mein bhi,mine also
"acha, thik hein , mein aapka he hoon","Oh, okay, I am all ears"
Apko bhi! Apse baat karke achha laga.,you too! nice talking to you!
"Main dekh raha hoon, but kuch dikha nahin.","I AM LOOKING, BUT I DON'T SEE ANYTING"
mein tho bhool bhi gayi ki yeh  movie itna long hein aur kaafi scene changes bhi ho chuki hein,I forgot how long the movie was there were a lot of scenes and changes of events.
Main yeh karoongi par kids yahaan nehi hoone chaayae,I would but make sure kids are not around.
tho foster mom ko kya motivated huva usse yaha lekhe aane ki? voh black ka exlover hein kya?,What motivated the foster mom to take him in? Did she a black ex lover?
Unhone give up kar diya ya ghar ko lootne ka try karte rahe ?,Do they give up or  keep trying  to rob the house?
apne mujhe certainly prerit kiya wahan jane ke liye aur ye dekhane ke liye ki ye hype kis sambandh me he.,Well you have certainly made me want to go watch it and see what all the hype is about.
Kya unone Kevin ko kabhi dekhi when they are in his house?,Do  they ever see Kevin when they are  in his house?
kya aap charavaahe ka naam jaanate hain,Do you know the cowboy's name?
"achchhee tarah se mujhe pata nahin hai, lekin yah manoranjak manoranjan kar raha hai.",Well i DON'T KNOW IT BUT SOUNDS ENTERTAINING.
"haan yar, muje bhi pasand hein.. voh badiya alfred hein.. muje morgan freeman bhi pasand hein.",That's right.  I thought he was great.  He is the best Alfred.  I agree about Morgan Freeman as well.
hello??,hello??
"haan, wah mujhe really seat ke edge me rakha.","Yeah, that really kept me at the edge of my seat."
acha tho kya hum aapas mein message share kar sakthe hein kya?,Okay so I wonder what we're supposed to exchange messages about?
Hum bhi tumse pura agree kartehe ke Morgan Freeman bomb hai,Totally totally agree!!  Morgan Freeman is the bomb.
"yah muje ye bahut pasand hai,yah hamare sare emotion yek samay me le ata hai","I agree. That's the type that gets to me the most. Lol. It tugs on all of your emotions at the same time,"
"haan mein bhi pad letha hoon, aur mein us  movie ko jarur dekhunga, oldie hein par goodie bhi.","Yes, I may read it also and I'll see the movie again as it is an oldie, but a goodie."
Haan mujhe pata he government shock hua,yeah I am sure the government was shocked
the word ko remove karna waise smart choice thi atleast,"removing the word ""the"" was a smart choice atleast"
yah definitely achchha nahin hai,This definitely is not good :(
Tom Hardy is movie me Earnes ke character me hai. Aur iska plot thoda strage hai.,Tom Hardy is in the movie as the character Earnes. And yeah the plot is a bit strange. 
Richard Dreyfuss mhjhe bahut pasand hai .,I really lke Richard Dreyfuss.
main wo jo karta hai use follow karne ki try karta hoon aur uske most of the films dekhta hoon,I try to follow what he is doing and watch most of his films
Ek hasya animation adventure.,A comedy animation adventure
kya ye tumhe weird lagta hau ki Avengers ki itni high critc rating hai? jyadatar critics ko superhero movies pasand nahi,Is it weird to you that the avengers has such a high critic rating? most critics dont like super hero movies
"koee dikkat nahin hai. haan, isake kuchh behatareen drshy sirph saspens ke hain, jahaan aap shaark ko dekh bhee nahin sakate.","No problem.  Yes, some of it's best scenes are just suspense where you don't even see the shark."
